id;login_id;voucher_no;voucher_date;month;notes;total_amount;is_posted;post_date;created_by;created_on;modified_by;modified_on;pay_to_id
1;grid-enabled Generic Wooden Mouse;67241;2020-07-28;APRIL;../fake-data/blob/hipster.txt;42292;false;2020-07-29T10:26:22;Isle Qatari Rial secured line;2020-07-29T09:36:47;index Producer;2020-07-28T17:24:12;1
2;Handcrafted Cotton Table;7080;2020-07-29;APRIL;../fake-data/blob/hipster.txt;30474;true;2020-07-29T08:06:06;Centralized compress Tanzanian Shilling;2020-07-29T04:13:07;Investment Account;2020-07-29T01:10:21;2
3;Circles microchip;30870;2020-07-28;JUNE;../fake-data/blob/hipster.txt;38384;true;2020-07-29T10:21:19;Mauritius Rupee Distributed Wyoming;2020-07-29T03:07:36;Colombian Peso Unidad de Valor Real Bulgarian Lev;2020-07-29T07:10:16;3
4;infomediaries array Small;8767;2020-07-28;JANUARY;../fake-data/blob/hipster.txt;39585;true;2020-07-29T07:56:14;Lead relationships;2020-07-28T15:07:03;Mills;2020-07-28T16:40:37;4
5;Checking Account;49264;2020-07-29;JULY;../fake-data/blob/hipster.txt;67246;true;2020-07-28T19:29:26;Fresh Wyoming Island;2020-07-29T11:16:02;pixel Fantastic;2020-07-29T11:59:37;5
6;Personal Loan Account;64460;2020-07-29;JANUARY;../fake-data/blob/hipster.txt;41418;true;2020-07-29T04:10:51;Electronics Investment Account EXE;2020-07-28T22:15:21;portal;2020-07-28T16:11:28;6
7;real-time Technician;47895;2020-07-29;DECEMBER;../fake-data/blob/hipster.txt;5312;true;2020-07-29T07:04:56;Kentucky Personal Loan Account ADP;2020-07-29T10:20:19;Branding copy;2020-07-29T01:36:27;7
8;Nevada;66866;2020-07-29;FEBRUARY;../fake-data/blob/hipster.txt;8607;true;2020-07-29T11:25:23;pixel mesh;2020-07-29T04:38:17;Montenegro Chair silver;2020-07-28T20:36:58;8
9;holistic Lari;43842;2020-07-29;JULY;../fake-data/blob/hipster.txt;80278;false;2020-07-28T17:29:16;Interactions;2020-07-29T12:30:58;TCP;2020-07-29T07:34:12;9
10;Lebanese Pound;22993;2020-07-28;NOVEMBER;../fake-data/blob/hipster.txt;39938;true;2020-07-29T12:02:23;Brand mission-critical;2020-07-29T02:45:48;Incredible Granite Pants Rhode Island calculating;2020-07-29T14:01:42;10
